{
  "GlobalConfiguration": {
    "BaseUrl": "http://localhost:44349"
  },
  "ReRoutes": [
    // User Account
    {
      "DownstreamPathTemplate": "/api/User",
      "DownstreamScheme": "https",
      "DownstreamHostAndPorts": [
        {
          "Host": "localhost",
          "Port": 44380
        }
      ],
      "UpstreamPathTemplate": "/idpay/act",
      "UpstreamHttpMethod": [ "POST" ],
      "DangerousAcceptAnyServerCertificateValidator": true
    },
    // Microservices All Services
    {
      "DownstreamPathTemplate": "/api/demografi",
      "DownstreamScheme": "https",
      "DownstreamHostAndPorts": [
        {
          "Host": "localhost",
          "Port": 44305
        }
      ],
      "UpstreamPathTemplate": "/idpay/dm",
      "UpstreamHttpMethod": [ "POST", "PUT", "GET" ],
      "DangerousAcceptAnyServerCertificateValidator": true
    },
    {
      "DownstreamPathTemplate": "/api/demografi/{id}",
      "DownstreamScheme": "https",
      "DownstreamHostAndPorts": [
        {
          "Host": "localhost",
          "Port": 44305
        }
      ],
      "UpstreamPathTemplate": "/idpay/dm/{id}",
      "UpstreamHttpMethod": [ "GET", "DELETE" ],
      "DangerousAcceptAnyServerCertificateValidator": true
    },
    {
      "DownstreamPathTemplate": "/api/photoid",
      "DownstreamScheme": "https",
      "DownstreamHostAndPorts": [
        {
          "Host": "localhost",
          "Port": 44325
        }
      ],
      "UpstreamPathTemplate": "/idpay/pid",
      "UpstreamHttpMethod": [ "POST", "PUT", "GET" ],
      "DangerousAcceptAnyServerCertificateValidator": true
    },
    {
      "DownstreamPathTemplate": "/api/photoid/{id}",
      "DownstreamScheme": "https",
      "DownstreamHostAndPorts": [
        {
          "Host": "localhost",
          "Port": 44325
        }
      ],
      "UpstreamPathTemplate": "/idpay/pid/{id}",
      "UpstreamHttpMethod": [ "GET", "DELETE" ],
      "DangerousAcceptAnyServerCertificateValidator": true
    }
  ]
}